{
  "project_info": {
    "project_number": "1025953887386",
    "project_id": "expenseseses",
    "storage_bucket": "expenseseses.appspot.com"
  },
  "client": [
    {
      "client_info": {
        "mobilesdk_app_id": "1:1025953887386:android:a56d6c1b1f602b61b49b23",
        "android_client_info": {
          "package_name": "com.example.expenseseses"
        }
      },
      "oauth_client": [
        {
          "client_id": "1025953887386-6h3ouqs8ipdi4oqh0ih00rfsbuh075u1.apps.googleusercontent.com",
          "client_type": 3
        }
      ],
      "api_key": [
        {
          "current_key": "AIzaSyB7jnELFkUtGA8aFxW6PRyhy83cn6XwAhA"
        }
      ],
      "services": {
        "appinvite_service": {
          "other_platform_oauth_client": [
            {
              "client_id": "1025953887386-6h3ouqs8ipdi4oqh0ih00rfsbuh075u1.apps.googleusercontent.com",
              "client_type": 3
            }
          ]
        }
      }
    }
  ],
  "configuration_version": "1"
}